episode_tconst,title_type
tt9990001,tvEpisode
tt9990002,tvEpisode
tt9990003,tvEpisode
tt9990004,tvEpisode
tt9990005,tvEpisode
tt9990006,tvEpisode
tt9990007,tvEpisode
tt9990008,tvEpisode
tt9990009,tvEpisode
tt9990010,tvEpisode
tt9990011,tvEpisode
tt9990012,tvEpisode
tt9990013,tvEpisode
tt9990014,tvEpisode
tt9990015,tvEpisode
tt9990016,tvEpisode
tt9990017,tvEpisode
tt9990018,tvEpisode
tt9990019,tvEpisode
tt9990020,tvEpisode
tt9990021,tvEpisode
tt9990022,tvEpisode
tt9990023,tvEpisode
tt9990024,tvEpisode
tt9990025,tvEpisode
tt9990026,tvEpisode
tt9990027,tvEpisode
tt9990028,tvEpisode
tt9990029,tvEpisode
tt9990030,tvEpisode
tt9990031,tvEpisode
tt9990032,tvEpisode
tt9990033,tvEpisode
tt9990034,tvEpisode
tt9990035,tvEpisode
tt9990036,tvEpisode
tt9990037,tvEpisode
tt9990038,tvEpisode
tt9990039,tvEpisode
tt9990040,tvEpisode
tt9990041,tvEpisode
tt9990042,tvEpisode
tt9990043,tvEpisode
tt9990044,tvEpisode
tt9990045,tvEpisode
tt9990046,tvEpisode
tt9990047,tvEpisode
tt9990048,tvEpisode
tt9990049,tvEpisode
tt9990050,tvEpisode
tt9990051,tvEpisode
tt9990052,tvEpisode
tt9990053,tvEpisode
tt9990054,tvEpisode
tt9990055,tvEpisode
tt9990056,tvEpisode
tt9990057,tvEpisode
tt9990058,tvEpisode
tt9990059,tvEpisode
tt9990060,tvEpisode
tt9990061,tvEpisode
tt9990062,tvEpisode
tt9990063,tvEpisode
tt9990064,tvEpisode
tt9990065,tvEpisode
tt9990066,tvEpisode
tt9990067,tvEpisode
tt9990068,tvEpisode
tt9990069,tvEpisode
tt9990070,tvEpisode
tt9990071,tvEpisode
tt9990072,tvEpisode
tt9990073,tvEpisode
tt9990074,tvEpisode
tt9990075,tvEpisode
tt9990076,tvEpisode
tt9990077,tvEpisode
tt9990078,tvEpisode
tt9990079,tvEpisode
tt9990080,tvEpisode
tt9990081,tvEpisode
tt9990082,tvEpisode
tt9990083,tvEpisode
tt9990084,tvEpisode
tt9990085,tvEpisode
tt9990086,tvEpisode
tt9990087,tvEpisode
tt9990088,tvEpisode
tt9990089,tvEpisode
tt9990090,tvEpisode
tt9990091,tvEpisode
tt9990092,tvEpisode
tt9990093,tvEpisode
tt9990094,tvEpisode
tt9990095,tvEpisode
tt9990096,tvEpisode
tt9990097,tvEpisode
tt9990098,tvEpisode
tt9990099,tvEpisode
tt9990100,tvEpisode
tt9990101,tvEpisode
tt9990102,tvEpisode
tt9990103,tvEpisode
tt9990104,tvEpisode
tt9990105,tvEpisode
tt9990106,tvEpisode
tt9990107,tvEpisode
tt9990108,tvEpisode
tt9990109,tvEpisode
tt9990110,tvEpisode
tt9990111,tvEpisode
tt9990112,tvEpisode
tt9990113,tvEpisode
tt9990114,tvEpisode
tt9990115,tvEpisode
tt9990116,tvEpisode
tt9990117,tvEpisode
tt9990118,tvEpisode
tt9990119,tvEpisode
tt9990120,tvEpisode
tt9990121,tvEpisode
tt9990122,tvEpisode
tt9990123,tvEpisode
tt9990124,tvEpisode
tt9990125,tvEpisode
tt9990126,tvEpisode
tt9990127,tvEpisode
tt9990128,tvEpisode
tt9990129,tvEpisode
tt9990130,tvEpisode
tt9990131,tvEpisode
tt9990132,tvEpisode
tt9990133,tvEpisode
tt9990134,tvEpisode
tt9990135,tvEpisode
tt9990136,tvEpisode
tt9990137,tvEpisode
tt9990138,tvEpisode
tt9990139,tvEpisode
tt9990140,tvEpisode
tt9990141,tvEpisode
tt9990142,tvEpisode
tt9990143,tvEpisode
tt9990144,tvEpisode
tt9990145,tvEpisode
tt9990146,tvEpisode
tt9990147,tvEpisode
tt9990148,tvEpisode
tt9990149,tvEpisode
tt9990150,tvEpisode
tt9990151,tvEpisode
tt9990152,tvEpisode
tt9990153,tvEpisode
tt9990154,tvEpisode
tt9990155,tvEpisode
tt9990156,tvEpisode
tt9990157,tvEpisode
tt9990158,tvEpisode
tt9990159,tvEpisode
tt9990160,tvEpisode
tt9990161,tvEpisode
tt9990162,tvEpisode
tt9990163,tvEpisode
tt9990164,tvEpisode
tt9990165,tvEpisode
tt9990166,tvEpisode
tt9990167,tvEpisode
tt9990168,tvEpisode
tt9990169,tvEpisode
tt9990170,tvEpisode
tt9990171,tvEpisode
tt9990172,tvEpisode
tt9990173,tvEpisode
tt9990174,tvEpisode
tt9990175,tvEpisode
